Region,Adult obesity
Midwest,0.31105839057899903
Northeast,0.27719815668202763
South,0.3224948269711024
West,0.25905755395683455
